s,ell,m,n,branch_id,source_coordinate_id,source_coordinate_numerator,source_coordinate_denominator,source_transformation_id,spin_numerator,spin_denominator,spin_float,spin_binary64_hex,omega_re_M,omega_im_M,angular_A_re,angular_A_im,root_solver_success,optimizer_residual_abs,continued_fraction_error,continued_fraction_terms,angular_padding,angular_refinement_padding,angular_refinement_abs,repeat_polish_delta_abs,predictor_correction_abs,predictor_correction_over_separation,assigned_separation_abs,assignment_relative_gap,canonical_polish_delta_abs,independent_path_delta_abs,reverse_delta_abs,angular_overlap_min,schedule_a_steps,schedule_b_steps,minimum_adaptive_step
-2,2,1,0,schwarzschild-overtone-continuation,M-kappa,1,100,kerr-prograde-spin-from-dimensionless-surface-gravity,9005323341098917,9007199254740992,0.999791731748236,0x1.ffe4b3ad56fa5p-1,0.5812664012885874,-0.03844962899208911,3.0213369816092808,0.07905095768866997,true,2.9069931782354892e-12,1.359812473041063e-13,1855,20,24,1.3324765027951542e-14,0.0,0.00033588505339121226,0.00371402891905418,0.09040091829930019,256.3484736706516,0.0,6.463192117245591e-14,8.142017357683242e-14,0.9999999940810185,5,7,0.12
-2,2,1,0,schwarzschild-overtone-continuation,M-kappa,1,200,kerr-prograde-spin-from-dimensionless-surface-gravity,9006739738925335,9007199254740992,0.9999489834961278,0x1.fff9502b91917p-1,0.5813924275806513,-0.038303109076790555,3.0208826434240788,0.07877330451069735,true,6.774704544358747e-12,9.929119605374338e-15,3512,20,24,4.444555191083292e-15,0.0,0.00033588505339121226,0.00371402891905418,0.09040091829930019,256.3484736706516,0.0,6.352732260095135e-14,2.7641795209087856e-14,0.9999999940810185,10,13,0.12
-2,2,1,0,schwarzschild-overtone-continuation,M-kappa,1,500,kerr-prograde-spin-from-dimensionless-surface-gravity,9007126616916007,9007199254740992,0.9999919355814243,0x1.fffef1672c027p-1,0.5814267606175526,-0.03826299197419021,3.020758703613508,0.07869723266216973,true,2.961974189931557e-10,9.98558525283998e-15,8351,20,24,8.908848018021073e-16,0.0,0.00033588505339121226,0.00371402891905418,0.09040091829930019,256.3484736706516,0.0,6.5979741248900096e-12,6.64567715821794e-14,0.9999999940810185,16,21,0.12
-2,2,1,0,schwarzschild-overtone-continuation,M-kappa,1,1000,kerr-prograde-spin-from-dimensionless-surface-gravity,9007181168049979,9007199254740992,0.9999979919739198,0x1.ffffbc9f2ff3bp-1,0.5814315985915108,-0.03825733202976156,3.0207412331570973,0.07868649828584828,true,7.088554314349275e-10,9.997626953243362e-15,15548,20,24,6.217248937900877e-15,0.0,0.00033588505339121226,0.00371402891905418,0.09040091829930019,256.3484736706516,0.0,5.733090966680569e-12,6.870721196241025e-14,0.9999999940810185,21,27,0.12
-2,2,2,0,schwarzschild-overtone-continuation,a-over-M,1999,2000,identity-a-over-M,4501347827556811,4503599627370496,0.9995,0x1.ffbe76c8b4396p-1,0.9684382574496465,-0.007577015072536927,0.6804579613467945,0.032096470443790236,true,8.152849664426285e-14,6.966718591669129e-15,1000,20,24,1.9985098616016032e-15,2.8500720108458625e-16,0.002655032837852957,0.13373150517157487,0.015153416922022931,3.484353829789523,1.820851775582286e-15,5.916424398721902e-16,7.916499485036041e-16,0.9999993059786948,3,4,0.040000000000000036
-2,2,2,0,schwarzschild-overtone-continuation,M-kappa,1,100,kerr-prograde-spin-from-dimensionless-surface-gravity,9005323341098917,9007199254740992,0.999791731748236,0x1.ffe4b3ad56fa5p-1,0.9794353135776,-0.004963994294415683,0.632522864793319,0.021131994999511416,true,6.972400720302241e-14,9.901394503842693e-15,1260,20,24,1.3329179921125024e-15,0.0,0.002655032837852957,0.13373150517157487,0.00992816420586177,3.484353829789523,5.364834285981409e-15,4.145989107584569e-16,2.1340236539840872e-15,0.9999993059786948,6,8,0.040000000000000036
-2,2,2,0,schwarzschild-overtone-continuation,a-over-M,9999,10000,identity-a-over-M,4503149267407759,4503599627370496,0.9999,0x1.fff2e48e8a71ep-1,0.9856735483827012,-0.0034686730676767082,0.6054655571751668,0.01480658380056171,true,1.3112517675870431e-12,9.996130894122956e-15,1773,20,24,6.662783593823664e-16,0.0,0.002655032837852957,0.13373150517157487,0.006937547743355487,3.484353829789523,0.0,4.451554032344797e-16,1.9668429104900093e-15,0.9999993059786948,9,12,0.040000000000000036
-2,2,2,0,schwarzschild-overtone-continuation,M-kappa,1,200,kerr-prograde-spin-from-dimensionless-surface-gravity,9006739738925335,9007199254740992,0.9999489834961278,0x1.fff9502b91917p-1,0.9897315954224593,-0.0024910351142465466,0.5879162337468655,0.010651881564654327,true,2.851148343517741e-12,1.1674744153791499e-14,2398,20,24,1.333152767288562e-15,0.0,0.002655032837852957,0.13373150517157487,0.004982030004944762,3.484353829789523,0.0,4.233638245560901e-15,2.1757416077900332e-15,0.9999993059786948,12,15,0.040000000000000036
-2,2,2,0,schwarzschild-overtone-continuation,M-kappa,1,500,kerr-prograde-spin-from-dimensionless-surface-gravity,9007126616916007,9007199254740992,0.9999919355814243,0x1.fffef1672c027p-1,0.9958959649528077,-0.0009985784229040661,0.5613354768911178,0.004281093513839423,true,3.858758280561424e-12,2.8658841483710816e-14,5634,20,24,4.440949357558723e-15,0.0,0.002655032837852957,0.13373150517157487,0.001997198637707502,3.484353829789523,0.0,9.58836232709553e-16,2.525757381022231e-15,0.9999993059786948,18,23,0.040000000000000036
-2,2,2,0,schwarzschild-overtone-continuation,M-kappa,1,1000,kerr-prograde-spin-from-dimensionless-surface-gravity,9007181168049979,9007199254740992,0.9999979919739198,0x1.ffffbc9f2ff3bp-1,0.9979485204094692,-0.0004996426609646101,0.5525054872376283,0.0021438851834310055,true,1.5924462403002926e-11,9.767785201001778e-15,10657,20,24,1.1102396263467957e-15,0.0,0.002655032837852957,0.13373150517157487,0.00099926955633728,3.484353829789523,0.0,1.3348536700254405e-15,2.1132442395667497e-15,0.9999993059786948,23,29,0.040000000000000036
-2,2,2,1,schwarzschild-overtone-continuation,a-over-M,1999,2000,identity-a-over-M,4501347827556811,4503599627370496,0.9995,0x1.ffbe76c8b4396p-1,0.9684348015233156,-0.02273043160048029,0.6808748915304241,0.09628629639766118,true,1.0971746784520692e-12,1.8621624263021126e-15,1000,20,24,4.518280359883027e-16,0.0,0.0031577099595930633,0.15905087868259374,0.015152539025908709,3.484353829789523,0.0,6.981769570567955e-15,5.9311918165051156e-15,0.9999990379650667,3,4,0.040000000000000036
-2,2,2,1,schwarzschild-overtone-continuation,M-kappa,1,100,kerr-prograde-spin-from-dimensionless-surface-gravity,9005323341098917,9007199254740992,0.999791731748236,0x1.ffe4b3ad56fa5p-1,0.9794342493931967,-0.014892158443250418,0.6327004171464996,0.06339659903967111,true,1.2476634781275278e-13,9.96280013635688e-15,1319,20,24,1.5565409952966684e-15,0.0,0.0031577099595930633,0.15905087868259374,0.009927658871162816,3.484353829789523,9.246809856582109e-15,3.0937512915369886e-15,7.766531944728626e-15,0.9999990379650667,6,8,0.040000000000000036
-2,2,2,1,schwarzschild-overtone-continuation,a-over-M,9999,10000,identity-a-over-M,4503149267407759,4503599627370496,0.9999,0x1.fff2e48e8a71ep-1,0.985673429698067,-0.010406220810009293,0.605550631465887,0.04442057398290332,true,2.4167352038888646e-12,9.873935937744399e-15,1832,20,24,4.518280359883027e-16,9.188565471403793e-15,0.0031577099595930633,0.15905087868259374,0.006937547743355487,3.484353829789523,1.0677206084240662e-14,8.646655341191824e-15,9.626406814923e-15,0.9999990379650667,9,12,0.040000000000000036
-2,2,2,1,schwarzschild-overtone-continuation,M-kappa,1,200,kerr-prograde-spin-from-dimensionless-surface-gravity,9006739738925335,9007199254740992,0.9999489834961278,0x1.fff9502b91917p-1,0.9897315964562999,-0.007473065119177587,0.5879598681451599,0.03195545947359858,true,3.4354996225382033e-12,2.068235542330935e-14,2433,20,24,2.0004362990848792e-15,6.221708116791105e-15,0.0031577099595930633,0.15905087868259374,0.004982030004944762,3.484353829789523,2.0686281854940582e-14,6.184633024929204e-15,4.157555700062724e-15,0.9999990379650667,12,15,0.040000000000000036
-2,2,2,1,schwarzschild-overtone-continuation,M-kappa,1,500,kerr-prograde-spin-from-dimensionless-surface-gravity,9007126616916007,9007199254740992,0.9999919355814243,0x1.fffef1672c027p-1,0.9958959521039589,-0.0029957770605856383,0.5613425507460412,0.012843458794682863,true,7.319385699489432e-12,5.402760928029343e-14,5684,20,24,1.5544516256470755e-15,0.0,0.0031577099595930633,0.15905087868259374,0.0019971670617224446,3.484353829789523,1.5857146962535766e-14,1.1395603576086067e-14,7.11409568747747e-15,0.9999990379650667,18,23,0.040000000000000036
-2,2,2,1,schwarzschild-overtone-continuation,M-kappa,1,1000,kerr-prograde-spin-from-dimensionless-surface-gravity,9007181168049979,9007199254740992,0.9999979919739198,0x1.ffffbc9f2ff3bp-1,0.9979485278825757,-0.0014989122172694757,0.5525072127114321,0.006431587816141145,true,8.968881412999631e-12,9.873310604820458e-15,10604,20,24,1.3323399077344022e-15,0.0,0.0031577099595930633,0.15905087868259374,0.00099926955633728,3.484353829789523,1.7028563168764233e-14,3.1304804780181784e-14,3.923274176474466e-15,0.9999990379650667,23,29,0.040000000000000036
-2,2,2,2,schwarzschild-overtone-continuation,a-over-M,1999,2000,identity-a-over-M,4501347827556811,4503599627370496,0.9995,0x1.ffbe76c8b4396p-1,0.9684296224049985,-0.03788296974128137,0.6817013532541203,0.16047096975885922,true,3.173672282921554e-13,6.367688004948107e-14,1000,20,24,6.684427777288335e-16,0.0,0.003977872618704399,0.20034326556080662,0.015152539025908709,3.484353829789523,0.0,1.547563292801411e-14,1.2295062116593288e-14,0.9999985011883371,3,4,0.040000000000000036
-2,2,2,2,schwarzschild-overtone-continuation,M-kappa,1,100,kerr-prograde-spin-from-dimensionless-surface-gravity,9005323341098917,9007199254740992,0.999791731748236,0x1.ffe4b3ad56fa5p-1,0.9794317122512657,-0.02481981699025758,0.6330572429204016,0.10565863294722927,true,2.4674812998757467e-12,1.321685888750201e-13,1327,20,24,3.1117206475519724e-15,8.937984901149841e-15,0.003977872618704399,0.20034326556080662,0.009927658871162816,3.484353829789523,7.773077366400567e-14,1.773938642308255e-14,1.4284558738054644e-14,0.9999985011883371,6,8,0.040000000000000036
-2,2,2,2,schwarzschild-overtone-continuation,a-over-M,9999,10000,identity-a-over-M,4503149267407759,4503599627370496,0.9999,0x1.fff2e48e8a71ep-1,0.9856726887451306,-0.01734412321379606,0.6057229420610373,0.07403594870337775,true,5.647624049257187e-12,9.917710039750593e-15,1811,20,24,1.4655364458042814e-15,4.8629988319485794e-14,0.003977872618704399,0.20034326556080662,0.006937902443312324,3.484353829789523,8.461015903014635e-14,3.255153463604112e-14,1.9216562304243e-14,0.9999985011883371,9,12,0.040000000000000036
-2,2,2,2,schwarzschild-overtone-continuation,M-kappa,1,200,kerr-prograde-spin-from-dimensionless-surface-gravity,9006739738925335,9007199254740992,0.9999489834961278,0x1.fff9502b91917p-1,0.989731668814414,-0.012455351865997739,0.5880468419202378,0.05326009710552847,true,2.6574418541841618e-12,9.976127916877086e-15,2441,20,24,4.440892098500626e-16,0.0,0.003977872618704399,0.20034326556080662,0.004982286747331325,3.484353829789523,0.0,3.447328528202364e-14,1.6387112854679934e-14,0.9999985011883371,12,15,0.040000000000000036
-2,2,2,2,schwarzschild-overtone-continuation,M-kappa,1,500,kerr-prograde-spin-from-dimensionless-surface-gravity,9007126616916007,9007199254740992,0.9999919355814243,0x1.fffef1672c027p-1,0.995895837629116,-0.0049929441190242245,0.561357078858447,0.021405685160082993,true,6.679709258801782e-11,9.88110483605505e-15,5667,20,24,1.3877787807814457e-17,0.0,0.003977872618704399,0.20034326556080662,0.0019971670617224446,3.484353829789523,0.0,1.8805221814524488e-14,1.6657190229239255e-14,0.9999985011883371,18,23,0.040000000000000036
-2,2,2,2,schwarzschild-overtone-continuation,M-kappa,1,1000,kerr-prograde-spin-from-dimensionless-surface-gravity,9007181168049979,9007199254740992,0.9999979919739198,0x1.ffffbc9f2ff3bp-1,0.997948572686146,-0.0024982080546231736,0.5525105356478814,0.010719403088532102,true,4.213605729117988e-11,9.96653448056596e-15,10674,20,24,1.3322856994638522e-15,5.3299221744222913e-14,0.003977872618704399,0.20034326556080662,0.000999295838348687,3.484353829789523,8.416474177142407e-14,9.960753658934628e-15,1.6996590806813027e-14,0.9999985011883371,23,29,0.040000000000000036
-2,3,3,0,schwarzschild-overtone-continuation,a-over-M,1999,2000,identity-a-over-M,4501347827556811,4503599627370496,0.9995,0x1.ffbe76c8b4396p-1,1.4569479473778417,-0.007576397730100471,5.863375066718675,0.028747282333541263,true,6.380032845646256e-13,8.082545620880531e-15,1000,20,24,5.329088588206323e-15,1.6618650899857812e-15,0.0034418958468781045,0.17294740213418192,0.015152821866983043,4.723455346596135,2.4153830205138116e-15,5.004677228193088e-16,1.5299946365813241e-15,0.999999358792022,4,5,0.04499999999999993
-2,3,3,0,schwarzschild-overtone-continuation,a-over-M,9999,10000,identity-a-over-M,4503149267407759,4503599627370496,0.9999,0x1.fff2e48e8a71ep-1,1.480473021190577,-0.0034685568096536373,5.771405141656097,0.013289035611001483,true,1.3533184959592987e-12,3.691705456433479e-14,1163,20,24,1.4210897066786258e-14,1.6267831280929978e-15,0.0034418958468781045,0.17294740213418192,0.0069371132861036945,4.723455346596135,3.3193794610547556e-15,8.886119947416683e-16,4.951395542680039e-15,0.999999358792022,11,14,0.04499999999999993
-2,3,3,1,schwarzschild-overtone-continuation,a-over-M,1999,2000,identity-a-over-M,4501347827556811,4503599627370496,0.9995,0x1.ffbe76c8b4396p-1,1.456945888613477,-0.022729219457227015,5.86371936986012,0.08624135775725732,true,7.260151331141531e-13,3.4759024441899344e-14,1000,20,24,1.4213564962188567e-14,3.0486806412246154e-15,0.0038127289357843147,0.19158091755850687,0.015152821866983043,4.723455346596135,1.0083939657683536e-14,6.280369834735101e-16,7.841441345153267e-15,0.9999992242112916,4,5,0.04499999999999993
-2,3,3,1,schwarzschild-overtone-continuation,a-over-M,9999,10000,identity-a-over-M,4503149267407759,4503599627370496,0.9999,0x1.fff2e48e8a71ep-1,1.4804728284621047,-0.010405670093080827,5.771476807963323,0.03986705294400168,true,2.4381664439268386e-12,8.118486414922506e-14,1242,20,24,5.330375918432453e-15,4.752858682093901e-15,0.0038127289357843147,0.19158091755850687,0.0069371132861036945,4.723455346596135,4.787668660841745e-15,4.614364446098307e-16,1.3162906158944105e-14,0.9999992242112916,11,14,0.04499999999999993
-2,4,4,0,schwarzschild-overtone-continuation,a-over-M,19,20,identity-a-over-M,4278419646001971,4503599627370496,0.95,0x1.e666666666666p-1,1.5486232689211181,-0.05376329413920687,14.747337142602712,0.14900217924470424,true,7.214784133328239e-14,3.636721891222372e-15,1000,20,24,3.5709896874363505e-15,0.0,0.03560393244137658,0.22345772733239813,0.1075627126809358,3.5815697169863308,5.735960165390836e-15,6.6973807122470445e-16,6.894341957538586e-16,0.9998102495497619,7,7,0.022499999999999964
-2,4,4,0,schwarzschild-overtone-continuation,a-over-M,97,100,identity-a-over-M,4368491638549381,4503599627370496,0.97,0x1.f0a3d70a3d70ap-1,1.6339032510954916,-0.04513153932064161,14.408130343060561,0.13325930274686454,true,7.19945176923539e-14,1.3918181108678773e-13,1000,20,24,1.2790406497749723e-13,8.187894806610529e-16,0.03560393244137658,0.22345772733239813,0.09027752638463088,3.5815697169863308,3.911493330073137e-15,7.447602459741819e-16,7.683082245783184e-16,0.9998102495497619,10,10,0.022499999999999964
-2,4,4,0,schwarzschild-overtone-continuation,a-over-M,49,50,identity-a-over-M,2206763817411543,2251799813685248,0.98,0x1.f5c28f5c28f5cp-1,1.691942841234388,-0.038837627368983024,14.181947876221738,0.11904086031342143,true,6.554642404479389e-14,7.656515266048676e-15,1000,20,24,7.105644194726877e-15,0.0,0.03560393244137658,0.22345772733239813,0.07768214716227549,3.5815697169863308,1.7832957333041577e-15,7.147060721024445e-16,5.967448757360216e-16,0.9998102495497619,12,12,0.022499999999999964
-2,4,4,0,schwarzschild-overtone-continuation,a-over-M,99,100,identity-a-over-M,4458563631096791,4503599627370496,0.99,0x1.fae147ae147aep-1,1.773136293589923,-0.02947466075606541,13.871782377963052,0.09458027097159424,true,5.2968954590617326e-14,1.663149665077564e-14,1000,20,24,1.4210963135005665e-14,3.9898639947466563e-16,0.03560393244137658,0.22345772733239813,0.05895130834529518,3.5815697169863308,4.163336342344337e-16,2.8609792490763985e-16,6.661338147750939e-16,0.9998102495497619,15,16,0.022499999999999964
-2,4,4,0,schwarzschild-overtone-continuation,a-over-M,199,200,identity-a-over-M,8962163258467287,9007199254740992,0.995,0x1.fd70a3d70a3d7p-1,1.8347399991656064,-0.021945290017172023,13.641223246862747,0.07260288250188159,true,6.555810555950891e-14,8.135329191575242e-14,1000,20,24,8.881888388218901e-14,0.0,0.03560393244137658,0.22345772733239813,0.04389116775790747,3.5815697169863308,0.0,1.3574895649832146e-15,4.8345719360749504e-15,0.9998102495497619,18,20,0.022499999999999964
-2,4,4,0,schwarzschild-overtone-continuation,a-over-M,997,1000,identity-a-over-M,8980177656976769,9007199254740992,0.997,0x1.fe76c8b439581p-1,1.8698529308169323,-0.017492802632043027,13.511616707308317,0.05880452060349908,true,9.807903047680156e-14,3.360511403983707e-14,1000,20,24,3.5527310259929093e-14,0.0,0.03560393244137658,0.22345772733239813,0.034985839413312236,3.5815697169863308,0.0,6.730727086790012e-16,8.121767085755589e-16,0.9998102495497619,21,23,0.022499999999999964
-2,4,4,0,schwarzschild-overtone-continuation,a-over-M,999,1000,identity-a-over-M,8998192055486251,9007199254740992,0.999,0x1.ff7ced916872bp-1,1.9229928773337701,-0.010536400989477383,13.317923388021153,0.03622254168656132,true,2.828148408517053e-13,9.24156474531335e-15,1000,20,24,1.0658366909460692e-14,0.0,0.03560393244137658,0.22345772733239813,0.0210728325700569,3.5815697169863308,0.0,9.766493169749424e-16,8.244153548874836e-16,0.9998102495497619,26,29,0.022499999999999964
-2,4,4,0,schwarzschild-overtone-continuation,a-over-M,1999,2000,identity-a-over-M,4501347827556811,4503599627370496,0.9995,0x1.ffbe76c8b4396p-1,1.9450012462331179,-0.007579589008509854,13.238557199731558,0.026285406998495534,true,8.643643925043571e-13,7.374296560413535e-14,1000,20,24,6.394908150490597e-14,0.0,0.03560393244137658,0.22345772733239813,0.015159186165111112,3.5815697169863308,1.7600616290760162e-15,8.642792950071465e-16,1.0190492755571723e-15,0.9998102495497619,29,33,0.022499999999999964
-2,4,4,0,schwarzschild-overtone-continuation,a-over-M,9999,10000,identity-a-over-M,4503149267407759,4503599627370496,0.9999,0x1.fff2e48e8a71ep-1,1.9750699651888812,-0.003469179993007977,13.130921310048162,0.0121686977402172,true,4.864407436331911e-13,1.502702346173435e-14,1000,20,24,1.4210861491463966e-14,4.3194614551822497e-16,0.03560393244137658,0.22345772733239813,0.00693836034657272,3.5815697169863308,4.1822453462966204e-15,3.946495907847236e-16,1.5213119384827496e-15,0.9998102495497619,36,42,0.022499999999999964
-2,4,4,1,schwarzschild-overtone-continuation,a-over-M,19,20,identity-a-over-M,4278419646001971,4503599627370496,0.95,0x1.e666666666666p-1,1.5479509696079177,-0.1613239057631471,14.760650843604877,0.4468349678650474,true,2.673771110915334e-15,1.2505665694398903e-14,1000,20,24,1.7769118642034836e-14,0.0,0.0365965290451337,0.2296874712405642,0.1075627126809358,3.5815697169863308,6.087272963323595e-16,1.443556787877425e-15,3.525285909701787e-15,0.9998083974611836,7,7,0.022499999999999964
-2,4,4,1,schwarzschild-overtone-continuation,a-over-M,97,100,identity-a-over-M,4368491638549381,4503599627370496,0.97,0x1.f0a3d70a3d70ap-1,1.6335346285831736,-0.13540831311972673,14.417889870315602,0.3996647361211192,true,2.8197986328118e-13,4.936386670660743e-14,1000,20,24,3.908994210040608e-14,0.0,0.0365965290451337,0.2296874712405642,0.09027752638463088,3.5815697169863308,0.0,6.157485465446498e-15,1.5975738988547494e-15,0.9998083974611836,10,10,0.022499999999999964
-2,4,4,1,schwarzschild-overtone-continuation,a-over-M,49,50,identity-a-over-M,2206763817411543,2251799813685248,0.98,0x1.f5c28f5c28f5cp-1,1.6917184034648036,-0.11651945030993589,14.189317012444441,0.35704753525861477,true,1.8157547376451196e-13,1.76298382481825e-14,1000,20,24,2.1323508862248838e-14,0.0,0.0365965290451337,0.2296874712405642,0.07768214716227549,3.5815697169863308,0.0,4.551999020833967e-15,4.002966042486721e-15,0.9998083974611836,12,12,0.022499999999999964
-2,4,4,1,schwarzschild-overtone-continuation,a-over-M,99,100,identity-a-over-M,4458563631096791,4503599627370496,0.99,0x1.fae147ae147aep-1,1.773043845090864,-0.08842589661162659,13.876105531466308,0.28370760186964583,true,3.382155549907549e-14,4.817139873944063e-14,1000,20,24,4.6186912438755377e-14,0.0,0.0365965290451337,0.2296874712405642,0.05895130834529518,3.5815697169863308,8.891536662303994e-16,8.751813177181079e-16,5.696861476186532e-15,0.9998083974611836,15,16,0.022499999999999964
-2,4,4,1,schwarzschild-overtone-continuation,a-over-M,199,200,identity-a-over-M,8962163258467287,9007199254740992,0.995,0x1.fd70a3d70a3d7p-1,1.834703523675563,-0.06583644261871004,13.64363881504081,0.21779516717107938,true,4.617101352586812e-13,2.0458250512356207e-14,1000,20,24,2.8427129924377134e-14,3.4076116006228647e-15,0.0365965290451337,0.2296874712405642,0.04389116775790747,3.5815697169863308,6.358389842764979e-15,1.3306041476995274e-15,2.5863728988914974e-14,0.9998083974611836,18,20,0.022499999999999964
-2,4,4,1,schwarzschild-overtone-continuation,a-over-M,997,1000,identity-a-over-M,8980177656976769,9007199254740992,0.997,0x1.fe76c8b439581p-1,1.8698349377917254,-0.05247863741850005,13.513155326671747,0.17640682270562516,true,4.672646332491331e-13,3.126652965704923e-14,1000,20,24,4.619861992399799e-14,2.544786717585991e-15,0.0365965290451337,0.2296874712405642,0.034985839413312236,3.5815697169863308,3.2592495070968175e-15,1.6910413304902302e-15,2.1096063413561365e-15,0.9998083974611836,21,23,0.022499999999999964
-2,4,4,1,schwarzschild-overtone-continuation,a-over-M,999,1000,identity-a-over-M,8998192055486251,9007199254740992,0.999,0x1.ff7ced916872bp-1,1.9229891019558238,-0.031609233221340724,13.318482336565484,0.10866618478980264,true,3.580548948608344e-13,8.021313332746002e-15,1000,20,24,1.0659441999608839e-14,1.3369575839890335e-15,0.0365965290451337,0.2296874712405642,0.0210728325700569,3.5815697169863308,2.1649348980190553e-15,1.7235296186091125e-15,1.7486012637846216e-15,0.9998083974611836,26,29,0.022499999999999964
-2,4,4,1,schwarzschild-overtone-continuation,a-over-M,1999,2000,identity-a-over-M,4501347827556811,4503599627370496,0.9995,0x1.ffbe76c8b4396p-1,1.9449998649122762,-0.022738775110685977,13.238846387614887,0.07885568968322777,true,2.8837362924803545e-13,1.5525666180605437e-14,1000,20,24,1.7763655129964547e-14,0.0,0.0365965290451337,0.2296874712405642,0.015159186165111112,3.5815697169863308,0.0,4.544975507059235e-16,1.9555373935507587e-15,0.9998083974611836,29,33,0.022499999999999964
-2,4,4,1,schwarzschild-overtone-continuation,a-over-M,9999,10000,identity-a-over-M,4503149267407759,4503599627370496,0.9999,0x1.fff2e48e8a71ep-1,1.975069835882948,-0.01040754033837597,13.130981833476778,0.036506042921827485,true,1.1279572198070861e-12,2.211011313778066e-13,1000,20,24,3.197453152923794e-14,1.4765992313558848e-15,0.0365965290451337,0.2296874712405642,0.00693836034657272,3.5815697169863308,6.420211584590163e-15,3.1157488066156603e-16,2.6922908347160046e-15,0.9998083974611836,36,42,0.022499999999999964
